treatment,site,kg_N_soil_total
maize,APP4,718.91328
maize,APP5,518.1457976
maize,MT5?,1932.800866
maize,T110,1474.667116
soy,APP1,2830.239535
soy,Cascavel,396.4230617
soy,Nascente,487.7140594
soy,T179,493.9425188
forest,APP2,48.04589181
forest,APP2a,313.7619744
forest,APPM,36.07269308
forest,C-N,176.4785252
